title,author,link,home,rss,date,timestamp
永久免费OneDrive 5T，MS 365 E3保姆级拿下教程！,《二叉树树》官方网站,https://2x.nz/posts/ms-e3/,https://2x.nz,https://2x.nz/rss.xml,2025-11-14,1763100581.0
永久免费OneDrive 5T，MS 365 E3保姆级拿下教程！,博客 | 二叉树树,https://2x.nz/posts/ms-e3,https://2x.nz/,https://2x.nz/rss.xml,2025-11-14,1763078400.0
永久免费OneDrive 5T，MS 365 E3保姆级拿下教程！,博客 | 二叉树树,https://feed.2x.nz/posts/ms-e3/,https://feed.2x.nz/,https://2x.nz/rss.xml,2025-11-14,1763078400.0
微信，支付宝，储蓄卡与信用卡的爱恨情仇,《二叉树树》官方网站,https://2x.nz/posts/wx-zfb-card/,https://2x.nz,https://2x.nz/rss.xml,2025-11-11,1762820444.0
微信，支付宝，储蓄卡与信用卡的爱恨情仇,博客 | 二叉树树,https://feed.2x.nz/posts/wx-zfb-card/,https://feed.2x.nz/,https://2x.nz/rss.xml,2025-11-11,1762819200.0
微信，支付宝，储蓄卡与信用卡的爱恨情仇,博客 | 二叉树树,https://2x.nz/posts/wx-zfb-card,https://2x.nz/,https://2x.nz/rss.xml,2025-11-11,1762819200.0
如何在安卓手机上优雅的写我的博客,《二叉树树》官方网站,https://2x.nz/posts/mobile-git/,https://2x.nz,https://2x.nz/rss.xml,2025-11-10,1762790400.0
如何在安卓手机上优雅的写我的博客,博客 | 二叉树树,https://2x.nz/posts/mobile-git,https://2x.nz/,https://2x.nz/rss.xml,2025-11-10,1762732800.0
如何在安卓手机上优雅的写我的博客,博客 | 二叉树树,https://feed.2x.nz/posts/mobile-git/,https://feed.2x.nz/,https://2x.nz/rss.xml,2025-11-10,1762732800.0
限制级笔记本电脑验机教程,《二叉树树》官方网站,https://2x.nz/posts/check-notebook/,https://2x.nz,https://2x.nz/rss.xml,2025-11-09,1762704000.0
限制级笔记本电脑验机教程,博客 | 二叉树树,https://2x.nz/posts/check-notebook,https://2x.nz/,https://2x.nz/rss.xml,2025-11-09,1762646400.0
限制级笔记本电脑验机教程,博客 | 二叉树树,https://feed.2x.nz/posts/check-notebook/,https://feed.2x.nz/,https://2x.nz/rss.xml,2025-11-09,1762646400.0
自建一个匿名文件上传终结点,《二叉树树》官方网站,https://2x.nz/posts/unknown-upload/,https://2x.nz,https://2x.nz/rss.xml,2025-11-08,1762570924.0
自建一个匿名文件上传终结点,博客 | 二叉树树,https://2x.nz/posts/unknown-upload,https://2x.nz/,https://2x.nz/rss.xml,2025-11-08,1762560000.0
自建一个匿名文件上传终结点,博客 | 二叉树树,https://feed.2x.nz/posts/unknown-upload/,https://feed.2x.nz/,https://2x.nz/rss.xml,2025-11-08,1762560000.0
ZTE光猫F450不拆机获取超密,《二叉树树》官方网站,https://2x.nz/posts/zte-f450-bridge/,https://2x.nz,https://2x.nz/rss.xml,2025-11-01,1761979374.0
ZTE光猫F450不拆机获取超密,博客 | 二叉树树,https://2x.nz/posts/zte-f450-bridge,https://2x.nz/,https://2x.nz/rss.xml,2025-11-01,1761955200.0
ZTE光猫F450不拆机获取超密,博客 | 二叉树树,https://feed.2x.nz/posts/zte-f450-bridge/,https://feed.2x.nz/,https://2x.nz/rss.xml,2025-11-01,1761955200.0
如何绕过Steam直接启动Steam上的游戏？,《二叉树树》官方网站,https://2x.nz/posts/hook-steam-drm/,https://2x.nz,https://2x.nz/rss.xml,2025-10-15,1760510380.0
如何绕过Steam直接启动Steam上的游戏？,博客 | 二叉树树,https://feed.2x.nz/posts/hook-steam-drm/,https://feed.2x.nz/,https://2x.nz/rss.xml,2025-10-15,1760486400.0
如何绕过Steam直接启动Steam上的游戏？,博客 | 二叉树树,https://2x.nz/posts/hook-steam-drm,https://2x.nz/,https://2x.nz/rss.xml,2025-10-15,1760486400.0
手把手教你AI翻唱！,《二叉树树》官方网站,https://2x.nz/posts/rvc/,https://2x.nz,https://2x.nz/rss.xml,2025-10-13,1760336592.0
手把手教你克隆音色！,《二叉树树》官方网站,https://2x.nz/posts/index-tts2/,https://2x.nz,https://2x.nz/rss.xml,2025-10-13,1760329146.0
手把手教你克隆音色！,博客 | 二叉树树,https://2x.nz/posts/index-tts2,https://2x.nz/,https://2x.nz/rss.xml,2025-10-13,1760313600.0
手把手教你AI翻唱！,博客 | 二叉树树,https://feed.2x.nz/posts/rvc/,https://feed.2x.nz/,https://2x.nz/rss.xml,2025-10-13,1760313600.0
人生中的第一台自己组装的台式！键盘亮显示器必亮！,《二叉树树》官方网站,https://2x.nz/posts/first-pc/,https://2x.nz,https://2x.nz/rss.xml,2025-10-10,1760130938.0
人生中的第一台自己组装的台式！键盘亮显示器必亮！,博客 | 二叉树树,https://feed.2x.nz/posts/first-pc/,https://feed.2x.nz/,https://2x.nz/rss.xml,2025-10-10,1760054400.0
人生中的第一台自己组装的台式！键盘亮显示器必亮！,博客 | 二叉树树,https://2x.nz/posts/first-pc,https://2x.nz/,https://2x.nz/rss.xml,2025-10-10,1760054400.0
魔法少女的魔女审判解包（Unity通用解包方案）,《二叉树树》官方网站,https://2x.nz/posts/manosaba-unzip/,https://2x.nz,https://2x.nz/rss.xml,2025-10-05,1759651776.0
魔法少女的魔女审判解包（Unity通用解包方案）,博客 | 二叉树树,https://2x.nz/posts/manosaba-unzip,https://2x.nz/,https://2x.nz/rss.xml,2025-10-05,1759622400.0
魔法少女的魔女审判解包（Unity通用解包方案）,博客 | 二叉树树,https://feed.2x.nz/posts/manosaba-unzip/,https://feed.2x.nz/,https://2x.nz/rss.xml,2025-10-05,1759622400.0
在Mac上玩GalGame竟如此简单！,《二叉树树》官方网站,https://2x.nz/posts/mac-gal/,https://2x.nz,https://2x.nz/rss.xml,2025-09-30,1759231761.0
我为什么要买个Mac,《二叉树树》官方网站,https://2x.nz/posts/mac/,https://2x.nz,https://2x.nz/rss.xml,2025-09-30,1759194435.0
在Mac上玩GalGame竟如此简单！,博客 | 二叉树树,https://2x.nz/posts/mac-gal,https://2x.nz/,https://2x.nz/rss.xml,2025-09-30,1759190400.0
我为什么要买个Mac,博客 | 二叉树树,https://feed.2x.nz/posts/mac/,https://feed.2x.nz/,https://2x.nz/rss.xml,2025-09-30,1759190400.0
现代！易上手！高效！且社区支持的超高校级的MarkDown编辑器！,《二叉树树》官方网站,https://2x.nz/posts/obsidian/,https://2x.nz,https://2x.nz/rss.xml,2025-09-16,1758046834.0
Fuwari静态博客搭建教程,《二叉树树》官方网站,https://2x.nz/posts/fuwari/,https://2x.nz,https://2x.nz/rss.xml,2025-09-16,1758038400.0
Fuwari静态博客搭建教程,博客 | 二叉树树,https://2x.nz/posts/fuwari,https://2x.nz/,https://2x.nz/rss.xml,2025-09-16,1757980800.0
现代！易上手！高效！且社区支持的超高校级的MarkDown编辑器！,博客 | 二叉树树,https://feed.2x.nz/posts/obsidian/,https://feed.2x.nz/,https://2x.nz/rss.xml,2025-09-16,1757980800.0
禁用Astro跟弱智一般的静态构建图像优化,《二叉树树》官方网站,https://2x.nz/posts/disable-astro-generating-optimized-images/,https://2x.nz,https://2x.nz/rss.xml,2025-09-09,1757456190.0
禁用Astro跟弱智一般的静态构建图像优化,博客 | 二叉树树,https://2x.nz/posts/disable-astro-generating-optimized-images,https://2x.nz/,https://2x.nz/rss.xml,2025-09-09,1757376000.0
禁用Astro跟弱智一般的静态构建图像优化,博客 | 二叉树树,https://feed.2x.nz/posts/disable-astro-generating-optimized-images/,https://feed.2x.nz/,https://2x.nz/rss.xml,2025-09-09,1757376000.0
GoEdge自建CDN系统踩坑记录,《二叉树树》官方网站,https://2x.nz/posts/goedge/,https://2x.nz,https://2x.nz/rss.xml,2025-09-08,1757370486.0
Reality协议的代理服务端搭建教程,《二叉树树》官方网站,https://2x.nz/posts/reality/,https://2x.nz,https://2x.nz/rss.xml,2025-09-08,1757347200.0
Reality协议的代理服务端搭建教程,博客 | 二叉树树,https://2x.nz/posts/reality,https://2x.nz/,https://2x.nz/rss.xml,2025-09-08,1757289600.0
Reality协议的代理服务端搭建教程,博客 | 二叉树树,https://feed.2x.nz/posts/reality/,https://feed.2x.nz/,https://2x.nz/rss.xml,2025-09-08,1757289600.0
Oracle（甲骨文云）踩坑记录,《二叉树树》官方网站,https://2x.nz/posts/oci/,https://2x.nz,https://2x.nz/rss.xml,2025-09-07,1757260885.0
Oracle（甲骨文云）踩坑记录,博客 | 二叉树树,https://feed.2x.nz/posts/oci/,https://feed.2x.nz/,https://2x.nz/rss.xml,2025-09-07,1757203200.0
Oracle（甲骨文云）踩坑记录,博客 | 二叉树树,https://2x.nz/posts/oci,https://2x.nz/,https://2x.nz/rss.xml,2025-09-07,1757203200.0
公开架构，我的二次元随机图API是怎么做的,《二叉树树》官方网站,https://2x.nz/posts/acg-randompic-api/,https://2x.nz,https://2x.nz/rss.xml,2025-09-05,1757096520.0
